{
  "experiment": "corrected_val_simplified_head_bn_momentum_0.9_both_conventions",
  "epochs": 3,
  "train_time_seconds": 869.9986200332642,
  "val_accuracy_per_epoch": [
    0.9775000214576721,
    0.9866666793823242,
    0.9491666555404663
  ],
  "val_loss_per_epoch": [
    0.07618121802806854,
    0.03165337070822716,
    0.13942891359329224
  ],
  "best_epoch_by_val_loss": 2,
  "last_epoch_metrics": {
    "accuracy": 0.9491666666666667,
    "precision": 1.0,
    "recall": 0.8983333333333333,
    "f1": 0.9464442493415277,
    "roc_auc": 0.9997916666666666
  },
  "best_epoch_metrics": {
    "accuracy": 0.9866666666666667,
    "precision": 0.9949152542372881,
    "recall": 0.9783333333333334,
    "f1": 0.9865546218487395,
    "roc_auc": 0.9998194444444445
  }
}